経路	パターン	連携方式	判定	推奨／非推奨理由	採用条件・留意点	構成	AWS公式参考資料
①-1 東京ビル→東京DC	パターン①	社内専用FALCON網を経由して東京DCへ転送	推奨（経路として）	既存の社内専用ネットワークを利用でき、①-1区間ではインターネットや新規AWSサービスを追加せずに東京DCへデータを集約できるため。	FALCON網は通信経路であり、ファイル転送機能そのものではない。東京DC側の受信先、SFTP／SMB／HTTPS等の転送プロトコル、Push／Pull、認証、再送、監視方式は要確認。	【東京ビル側】データ送信用サーバー／端末（既存利用可）、転送バッチまたはファイル転送ソフト。【ネットワーク】FALCON網のルーティング、Firewall／ACL許可。【東京DC側】受信サーバーまたはファイルサーバー、受信ディレクトリ／保存領域、認証設定、転送ログ・再送・監視機能。※SFTP／SMB／HTTPS等の転送プロトコルは要確定。	社内ネットワーク仕様のため、FALCON網および東京DC受信方式は社内資料・ネットワーク担当への確認が必要。
①-2 インターネット：東京DC→AWS S3	パターン①	AWSマネジメントコンソールから手動でS3へアップロード	非推奨	定期連携では人手が必要となり、実行漏れ、誤操作、対象ファイルの選択ミスが発生しやすい。再実行、監視、実行結果の標準化も困難なため。	単発の検証、緊急時の臨時アップロード、少数ファイルのみの場合に限定して利用する。		https://docs.aws.amazon.com/AmazonS3/latest/userguide/upload-objects.html
①-2 インターネット：東京DC→AWS S3	パターン②	東京DCのAWS CLI／バッチからインターネット経由でS3へ直接アップロード	条件付き採用	aws s3 cp／syncでローカルファイルをS3へ直接転送でき、構成が単純で初期導入が容易。単発または低頻度の転送ではDataSyncより軽量であるため。	スケジュール、終了コード判定、再試行、ログ、通知、重複防止、認証情報管理、整合性確認を自社バッチで実装・保守する必要がある。定期的な100GB連携では運用負荷が高くなる。		https://docs.aws.amazon.com/cli/latest/userguide/cli-services-s3-commands.html
①-2 インターネット：東京DC→AWS S3	パターン③	東京DCにDataSync Agentを配置し、インターネット経由でDataSync公共エンドポイントへ接続してS3へ転送	推奨	オンプレミスからS3への定期的なファイル転送をマネージド化でき、転送タスク、スケジュール、帯域制御、データ検証、再実行、CloudWatch監視を利用できる。100GB規模の継続運用で独自バッチの保守範囲を削減できるため。	オンプレミスにDataSync Agent用の仮想基盤を用意し、必要なアウトバウンド通信を許可する。単発・低頻度の単純転送では構成と費用が過剰になる可能性がある。	【東京DC側】DataSync Agent仮想アプライアンス1台をハイパーバイザー上に配置。Basic modeの目安：4 vCPU、32GB RAM、80GBディスク（2,000万超のファイル等を扱う場合は64GB RAMを検討）。転送元NFS／SMB、DNS／NTP、DataSync公開エンドポイント向けアウトバウンド通信を用意。【AWS側】DataSync Agent登録、送信元Location、S3 Location、DataSync Task、S3アクセス用IAM Role、S3 Bucket／Prefix、必要に応じてKMS Key、CloudWatch Logs／通知設定。	"https://docs.aws.amazon.com/datasync/latest/userguide/what-is-datasync.html
https://docs.aws.amazon.com/datasync/latest/userguide/choose-service-endpoint.html"
①-2 VPN／Direct Connect：東京DC→AWS S3	パターン①	AWS側LambdaからVPN／DX経由でオンプレミスへクエリし、データを取得	非推奨	Lambdaは最大実行時間が15分であり、100GB級ファイルの取得・中継には適さない。分割転送、再開、重複防止、障害復旧を独自実装する必要があるため。	少量データのAPI／DBクエリや、短時間で完了する制御処理・メタデータ取得に限定する。ファイル本体の転送主体には使用しない。		https://docs.aws.amazon.com/lambda/latest/dg/gettingstarted-limits.html
①-2 VPN／Direct Connect：東京DC→AWS S3	パターン②	オンプレミスのDataSync AgentがNFS／SMBを読み取り、VPN／DX経由でDataSync VPCサービスエンドポイントへ接続してS3へ転送	推奨	プライベート経路でDataSyncサービスへ接続しながら、定期転送、差分判定、検証、再実行、帯域制御、タスク監視をマネージド化できる。大容量・定期運用に最も適合するため。	DataSync Agent、VPCサービスエンドポイント、DNS、ルーティング、セキュリティグループ、必要ポートの設計が必要。Agentはオンプレミス側に配置する。	【東京DC側】DataSync Agent仮想アプライアンス1台、転送元NFS／SMB、DNS／NTP。Basic modeの目安：4 vCPU、32GB RAM、80GBディスク。【ネットワーク】東京DCからAWS VPCまでのVPNまたはDirect Connect、ルーティング、Firewall許可。【AWS側】DataSync VPCサービスエンドポイント、配置Subnet、Security Group、DataSyncが作成する転送用ENI、DataSync Agent登録、送信元／S3 Location、DataSync Task、IAM Role、S3 Bucket／Prefix、KMS／監視設定。VPCエンドポイント利用時は制御通信用TCP 1024-1064、データ通信用TCP 443を許可。	"https://docs.aws.amazon.com/datasync/latest/userguide/choose-service-endpoint.html
https://docs.aws.amazon.com/datasync/latest/userguide/networking-datasync.html"
①-2 VPN／Direct Connect：東京DC→AWS S3	パターン③	オンプレミスのAWS CLIからVPN／DX経由でS3 Interface VPC Endpointへ直接アップロード	条件付き採用	既存のバッチ運用が整備されている場合、DataSync Agentを追加せず、閉域経路でS3 APIへ直接アップロードできるため。	再試行、監視、整合性確認、認証情報、実行管理は自社実装が必要。オンプレミスからS3へ接続する場合はGateway EndpointではなくInterface Endpointを使用する。		"https://docs.aws.amazon.com/AmazonS3/latest/userguide/privatelink-interface-endpoints.html
https://docs.aws.amazon.com/vpc/latest/privatelink/vpc-endpoints-s3.html"
②-1／②-2 稲沢→MELCO TOP→AWS S3	パターン①	稲沢側AWS CLIからMELIT網、MELCO TOP Proxy、インターネットを経由してS3へ直接アップロード	推奨（条件付き）	AWS CLIはHTTP／HTTPS Proxy経由の接続をサポートしており、既存のMELCO TOPインターネット出口を利用してネットワーク構成を大きく変更せずS3へ送信できるため。	MELCO TOPのProxy認証方式、S3宛てTCP 443許可、AWS CLI実行サーバー、IAM認証、再試行、ログ、通知、重複防止を確認・実装する。MELCO TOPは保存先ではなく通信中継・アクセス制御用Proxyである。	【稲沢側】AWS CLI v2を導入した転送サーバー／端末、aws s3 cp／syncを実行するバッチ、終了コード判定・再試行・ログ・重複防止・通知機能。【ネットワーク】MELIT網、MELCO TOP HTTP／HTTPS Proxy設定、S3エンドポイント向けTCP 443許可、DNS。【AWS側】S3 Bucket／Prefix、アップロード用IAM権限（一時認証情報を推奨）、Bucket Policy、必要に応じてKMS KeyとCloudTrail／監視設定。	"https://docs.aws.amazon.com/cli/latest/userguide/cli-configure-proxy.html
https://docs.aws.amazon.com/cli/latest/userguide/cli-services-s3-commands.html"
③-1 稲沢オンプレ→Megcloud（稲沢）共有S3	パターン①	社内専用網からMegcloud VPCへ接続し、S3 Interface VPC Endpoint経由で共有S3へ格納	推奨	オンプレミスからMegcloud共有S3までインターネットを経由しないプライベート通信を実現でき、既存の閉域化方針に合致するため。	オンプレミスからMegcloud VPCまでのVPN／DX等の接続、DNS、ルーティング、TCP 443、Endpoint Security Group、Endpoint Policy、Bucket Policy、IAM／KMS権限が必要。	【オンプレ側】AWS CLI／SDK等を実行するアップロードサーバー、IAM認証、転送バッチ。【閉域接続】稲沢からMegcloud VPCまでのVPN／Direct Connect等、ルーティング、TCP 443許可。【AWS側】S3 Interface VPC Endpoint、配置Subnet／ENI、Security Group、Endpoint Policy、オンプレDNS設定（エンドポイント固有DNS名またはRoute 53 Resolver利用）、共有S3 Bucket／Prefix、Bucket Policy、IAM Role／User、必要に応じてKMS Key。	"https://docs.aws.amazon.com/AmazonS3/latest/userguide/privatelink-interface-endpoints.html
https://docs.aws.amazon.com/vpc/latest/privatelink/vpc-endpoints-s3.html"
③-2 Megcloud（稲沢）共有S3→データ利活用基盤S3	パターン①	Megcloud側Lambdaが共有S3への配置を検知し、データ利活用基盤S3へPush	非推奨	100GB級オブジェクトではマルチパートコピー、再試行、重複防止、エラー監視等の独自実装が必要となる。Lambdaの15分制限により、ファイル本体を中継する構成は運用リスクが高いため。	Lambdaはイベント検知や転送開始指示に限定し、実データの転送はS3 Replication等のマネージド機能に委ねる。		https://docs.aws.amazon.com/lambda/latest/dg/gettingstarted-limits.html
③-2 Megcloud（稲沢）共有S3→データ利活用基盤S3	パターン②	データ利活用基盤側LambdaがMegcloud側IAM Roleを引き受け、共有S3からPull	条件付き採用	取得時刻、対象ファイル、承認条件、取得後処理をデータ利活用基盤側で集中管理できるため。業務条件による選別が必要な場合に有効。	新規ファイル検知、ポーリング、AssumeRole、KMS、再試行、重複防止を独自実装する必要がある。Lambdaが100GBファイル本体を中継する設計は避け、S3 APIによるサーバーサイドコピー等を別途設計する。		"https://docs.aws.amazon.com/lambda/latest/dg/gettingstarted-limits.html
https://docs.aws.amazon.com/IAM/latest/UserGuide/id_roles_use_switch-role-api.html"
③-2 Megcloud（稲沢）共有S3→データ利活用基盤S3	パターン③	Amazon S3 ReplicationによるS3間のクロスアカウント複製	推奨	送信元・送信先がともにS3であるため、独自Lambdaを作成せず、S3のマネージド機能で継続的な複製、再試行、クロスアカウント転送を実現できる。実装・保守範囲を最小化できるため。	非同期処理であり任意時刻の厳密な制御はできない。両BucketのVersioning、IAM Role、Bucket Policy、KMS権限が必要。既存オブジェクトはBatch Replicationを検討する。	【S3】送信元Megcloud共有Bucketと送信先Data Lake BucketのVersioning有効化、Replication Rule（Prefix／Tag条件を含む）。【権限】S3 Replication用IAM Role、クロスアカウント用の送信先Bucket Policy、必要に応じて送信先所有者へのOwner Override／Object Ownership設定。【暗号化】SSE-KMS利用時は送信元・送信先KMS Key PolicyおよびReplication Role権限。【運用】Replication Status監視、失敗通知、Lifecycle、既存オブジェクト用S3 Batch Replicationを検討。	"https://docs.aws.amazon.com/AmazonS3/latest/userguide/replication.html
https://docs.aws.amazon.com/AmazonS3/latest/userguide/replication-requirements.html"
④ Megcloud（MiLai）共有S3→データ利活用基盤S3	パターン①	MiLai側LambdaによるPush	非推奨	100GB級オブジェクトの転送では独自の分割コピー、再試行、重複防止、監視が必要となり、Lambdaの実行時間制限とも相性が悪いため。	イベント検知・制御のみLambdaで実施し、ファイル本体の転送はS3 Replication等を利用する。		https://docs.aws.amazon.com/lambda/latest/dg/gettingstarted-limits.html
④ Megcloud（MiLai）共有S3→データ利活用基盤S3	パターン②	データ利活用基盤側LambdaによるPull	条件付き採用	基盤側で取得タイミングと対象ファイルを制御でき、業務条件に応じた選別や取得後処理を実装できるため。	検知、AssumeRole、KMS、再試行、重複防止等の独自実装が必要。100GBファイルをLambda実行環境に取り込んで中継しない。		"https://docs.aws.amazon.com/lambda/latest/dg/gettingstarted-limits.html
https://docs.aws.amazon.com/IAM/latest/UserGuide/id_roles_use_switch-role-api.html"
④ Megcloud（MiLai）共有S3→データ利活用基盤S3	パターン③	Amazon S3 ReplicationによるS3間のクロスアカウント複製	推奨	Megcloud（稲沢）と同じマネージド方式に統一でき、Lambdaコードを保守せずクロスアカウントS3間転送を実現できるため。	Versioning、IAM Role、Bucket Policy、KMS権限が必要。非同期であり、厳密な実行時刻制御が必要な場合はパターン②を検討する。	【S3】MiLai共有Bucketと送信先Data Lake BucketのVersioning有効化、Replication Rule（Prefix／Tag条件を含む）。【権限】S3 Replication用IAM Role、クロスアカウント用の送信先Bucket Policy、必要に応じて送信先所有者へのOwner Override／Object Ownership設定。【暗号化】SSE-KMS利用時は送信元・送信先KMS Key PolicyおよびReplication Role権限。【運用】Replication Status監視、失敗通知、Lifecycle、既存オブジェクト用S3 Batch Replicationを検討。	"https://docs.aws.amazon.com/AmazonS3/latest/userguide/replication.html
https://docs.aws.amazon.com/AmazonS3/latest/userguide/replication-requirements.html"
⑤ データ利活用基盤S3→各サイト	現行パターン①	LambdaからNAT Gateway／インターネット経由で各サイトへファイル本体を転送	非推奨	Lambdaは最大15分であり、100GBのファイル本体を中継する用途には適さない。通信断時の再開、部分再送、長時間処理、重複防止を独自実装する必要があるため。	Lambdaは通知、API呼び出し、転送開始制御、署名付きURL発行等の軽量処理に限定する。		https://docs.aws.amazon.com/lambda/latest/dg/gettingstarted-limits.html
⑤ データ利活用基盤S3→各サイト	改善案A	LambdaがPresigned URLを発行し、各サイトがS3から直接Pull	推奨（Pull可能な場合）	ファイル本体がLambdaやNAT Gatewayを経由せず、各サイトがHTTPSでS3から直接取得できる。送信先へAWS認証情報を配布せず、期限付きアクセスを付与できるため。	各サイトがPull方式に対応していること。URL有効期限、漏えい対策、アクセス元制限、ダウンロード完了確認を設計する。	【AWS側】配布対象S3 Bucket／Object、Presigned URL発行用Lambdaまたはアプリケーション、発行処理用IAM Role（s3:GetObject）、URL通知用API Gateway／メール／既存連携手段、CloudWatch Logs。【セキュリティ】URL有効期限、必要に応じてBucket Policyによる署名有効期間・送信元制限。【各サイト側】HTTPSでURLからファイルを取得するクライアント／バッチ、取得完了確認。	https://docs.aws.amazon.com/AmazonS3/latest/userguide/using-presigned-url.html
⑤ データ利活用基盤S3→各サイト	改善案B	AWS Transfer Family SFTP ConnectorでS3から各サイトのSFTPサーバーへPush	推奨（SFTP Push必須の場合）	送信先がSFTP受信を要求する場合、S3から外部SFTPサーバーへの送信をマネージド化でき、Lambdaで大容量ファイルを中継する必要がないため。	接続先SFTPサーバー、認証鍵、送信ディレクトリ、ネットワーク許可、再送・完了確認、利用料金を設計する。	【AWS側】AWS Transfer Family SFTP Connector、送信元S3 Bucket／Prefix、S3アクセス用IAM Role、接続認証情報を保管するAWS Secrets Manager Secret、StartFileTransferを起動するLambda／Step Functions／EventBridge等、CloudWatch Logs。【接続先】各サイト側SFTP ServerのHost／Port、ユーザー、SSH公開鍵またはパスワード、送信先Directory。VPC経由が必要な場合はVPC Latticeを含むVPC接続構成を追加。	https://docs.aws.amazon.com/transfer/latest/userguide/creating-connectors.html
